positioning_time,Gps.speed,Speed.speed,pulse
20190802T195709+0900,0,0,0
,0,0,0
20190802T204310+0900,0,0,0
,0,0,0
20190802T204311+0900,0,0,0
,0,0,0
20190802T204312+0900,0,0,0
,0,0,0
20190802T204313+0900,0,0,0
,0,0,0
20190802T204314+0900,0,0,0
,0,0,0
20190802T204315+0900,0,0,0
,0,0,0
20190802T204316+0900,0,0,0
,0,0,0
20190802T204317+0900,0,0,0
,0,0,0
20190802T204318+0900,0,0,0
,0,0,0
20190802T204319+0900,2.8,0,2
,2.8,0,2
20190802T204320+0900,1.4,0,1
,1.4,0,1
20190802T204321+0900,1.4,0,1
,1.4,0,1
20190802T204324+0900,0,2,0
,0,0,0
20190802T204325+0900,0,0,0
,0,0,0
20190802T204326+0900,0,0,0
,0,0,0
20190802T204327+0900,0,0,0
,0,0,0
20190802T204328+0900,0,0,0
,0,0,0
20190802T204329+0900,0,0,0
,0,0,0
20190802T204330+0900,0,0,0
,0,0,0
20190802T204331+0900,0,0,0
,0,0,0
20190802T204332+0900,0,0,0
,0,0,0
20190802T204333+0900,5.7,3.1,4
,5.7,4.9,4
20190802T204334+0900,8.6,6.8,6
,8.6,8.1,6
20190802T204335+0900,11.5,9.6,8
,11.5,11.3,8
20190802T204336+0900,14.4,11.3,10
,14.4,13,10
20190802T204337+0900,18.7,15.9,13
,18.7,18.1,13
20190802T204338+0900,23.1,19.9,16
,23.1,22.4,16
20190802T204339+0900,28.8,27.2,20
,28.8,27.2,20
20190802T204340+0900,31.7,30,22
,31.7,31,22
20190802T204341+0900,36.1,33.2,25
,36.1,36,25
20190802T204342+0900,37.5,36,26
,37.5,39,26
20190802T204343+0900,40.4,40.2,28
,40.4,40.4,28
20190802T204344+0900,41.8,40.8,29
,41.8,41.9,29
20190802T204345+0900,43.3,41.9,30
,43.3,43,30
20190802T204346+0900,44.7,43,31
,44.7,43.8,31
20190802T204347+0900,44.7,43.8,31
,44.7,44.3,31
20190802T204348+0900,44.7,44.3,31
,44.7,44.8,31
20190802T204349+0900,46.2,45.3,32
,46.2,45.8,32
20190802T204350+0900,49.1,45.8,34
,49.1,46.6,34
20190802T204351+0900,47.6,46.6,33
,47.6,46.9,33
20190802T204352+0900,49.1,46.9,34
,49.1,47,34
20190802T204353+0900,47.6,47,33
,47.6,47.5,33
20190802T204354+0900,50.5,47.4,35
,50.5,47.5,35
20190802T204355+0900,47.6,47.1,33
,47.6,46.2,33
20190802T204356+0900,44.7,45.1,31
,44.7,42.9,31
20190802T204357+0900,41.8,41.2,29
,41.8,39.6,29
20190802T204358+0900,39,38,27
,39,35.6,27
20190802T204359+0900,34.6,35.6,24
,34.6,32.9,24
20190802T204400+0900,30.3,29.9,21
,30.3,28.4,21
20190802T204401+0900,28.8,27.7,20
,28.8,30.9,20
20190802T204402+0900,33.2,30.9,23
,33.2,35.1,23
20190802T204403+0900,39,37.1,27
,39,39.2,27
20190802T204404+0900,40.4,40.8,28
,40.4,42.6,28
20190802T204405+0900,44.7,44.1,31
,44.7,44.7,31
20190802T204406+0900,49.1,45.5,34
,49.1,46.1,34
20190802T204407+0900,50.5,46.1,35
,50.5,45.6,35
20190802T204408+0900,52,45.6,36
,52,48.5,36
20190802T204409+0900,47.6,45.1,33
,47.6,42.3,33
20190802T204410+0900,41.8,42.3,29
,41.8,35,29
20190802T204411+0900,34.6,30.2,24
,34.6,25.4,24
20190802T204412+0900,27.4,25.4,19
,27.4,20,19
20190802T204413+0900,18.7,17.9,13
,18.7,9.8,13
20190802T204414+0900,11.5,9.8,8
,11.5,5.9,8
20190802T204415+0900,5.7,5.1,4
,5.7,3.6,4
20190802T204416+0900,2.8,2.5,2
,2.8,1.7,2
20190802T204417+0900,2.8,0,2
,2.8,0,2
20190802T204418+0900,0,0,0
,0,1,0
20190802T204419+0900,0,0,0
,0,0,0
20190802T204420+0900,0,0,0
,0,0,0
20190802T204421+0900,0,0,0
,0,0,0
20190802T204422+0900,0,0,0
,0,0,0
20190802T204423+0900,0,0,0
,0,0,0
20190802T204424+0900,0,0,0
,0,0,0
20190802T204425+0900,0,0,0
,0,0,0
20190802T204426+0900,0,0,0
,0,0,0
20190802T204427+0900,0,0,0
,0,0,0
20190802T204428+0900,0,0,0
,0,0,0
20190802T204429+0900,0,0,0
,0,0,0
20190802T204430+0900,0,0,0
,0,0,0
20190802T204431+0900,0,0,0
,0,0,0
20190802T204432+0900,0,0,0
,0,0,0
20190802T204433+0900,0,0,0
,0,0,0
20190802T204434+0900,0,0,0
,0,0,0
20190802T204435+0900,0,0,0
,0,0,0
20190802T204436+0900,0,0,0
,0,0,0
20190802T204437+0900,0,0,0
,0,0,0
20190802T204438+0900,0,0,0
,0,0,0
20190802T204439+0900,0,0,0
,0,0,0
20190802T204440+0900,0,0,0
,0,0,0
20190802T204441+0900,0,0,0
,0,0,0
20190802T204442+0900,0,0,0
,0,0,0
20190802T204443+0900,0,0,0
,0,0,0
20190802T204444+0900,0,0,0
,0,0,0
20190802T204445+0900,0,0,0
,0,0,0
20190802T204446+0900,0,0,0
,0,0,0
20190802T204447+0900,0,0,0
,0,0,0
20190802T204448+0900,0,0,0
,0,0,0
20190802T204449+0900,0,0,0
,0,0,0
20190802T204450+0900,0,0,0
,0,0,0
20190802T204451+0900,0,0,0
,0,0,0
20190802T204452+0900,0,0,0
,0,0,0
20190802T204453+0900,0,0,0
,0,0,0
20190802T204454+0900,0,0,0
,0,0,0
20190802T204455+0900,1.4,3.1,1
,1.4,3.1,1
20190802T204456+0900,0,0,0
,0,0,0
20190802T204457+0900,0,0,0
,0,0,0
20190802T204458+0900,0,0,0
,0,3.7,0
20190802T204459+0900,7.2,5.4,5
,7.2,5.4,5
20190802T204500+0900,11.5,7.3,8
,11.5,8.9,8
20190802T204501+0900,14.4,10,10
,14.4,12.1,10
20190802T204502+0900,17.3,12.8,12
,17.3,11.7,12
20190802T204503+0900,15.8,9.6,11
,15.8,8.6,11
20190802T204504+0900,14.4,9.6,10
,14.4,9.6,10
20190802T204505+0900,11.5,7.7,8
,11.5,7.7,8
20190802T204506+0900,8.6,4.6,6
,8.6,4.6,6
20190802T204507+0900,11.5,8.6,8
,11.5,8.6,8
20190802T204508+0900,14.4,13.9,10
,14.4,16.3,10
20190802T204509+0900,18.7,18.2,13
,18.7,18.2,13
20190802T204510+0900,23.1,21.9,16
,23.1,22.8,16
20190802T204511+0900,26,23.8,18
,26,23.8,18
20190802T204512+0900,27.4,24.8,19
,27.4,26.2,19
20190802T204513+0900,30.3,27.9,21
,30.3,27.9,21
20190802T204514+0900,33.2,30.4,23
,33.2,31.6,23
20190802T204515+0900,36.1,34,25
,36.1,34,25
20190802T204516+0900,36.1,33.6,25
,36.1,33.6,25
20190802T204517+0900,33.2,32.2,23
,33.2,30.3,23
20190802T204518+0900,28.8,28.7,20
,28.8,23.7,20
20190802T204519+0900,24.5,20.9,17
,24.5,20.9,17
20190802T204520+0900,20.2,19,14
,20.2,18.2,14
20190802T204521+0900,20.2,18.2,14
,20.2,20.5,14
20190802T204522+0900,26,23.4,18
,26,25.8,18
20190802T204523+0900,30.3,28.1,21
,30.3,30.1,21
20190802T204525+0900,31.7,29,22
,31.7,29,20
20190802T204525+0900,28.8,26.7,20
,28.8,24.5,17
20190802T204526+0900,24.5,21.9,17
,24.5,19,13
20190802T204527+0900,18.7,16.5,13
,18.7,13.8,10
20190802T204528+0900,14.4,13.8,10
,14.4,13.8,10
20190802T204529+0900,14.4,13.9,10
,14.4,14.9,12
20190802T204531+0900,17.3,19,12
,17.3,22,14
20190802T204531+0900,20.2,22,14
,20.2,23.9,17
20190802T204533+0900,24.5,27,17
,24.5,28.6,19
20190802T204533+0900,27.4,29.4,19
,27.4,29.6,20
20190802T204534+0900,28.8,30.6,20
,28.8,30.6,22
20190802T204535+0900,31.7,31.1,22
,31.7,28.5,20
20190802T204536+0900,28.8,28.5,20
,28.8,26.4,18
20190802T204537+0900,26,24.3,18
,26,22.4,15
20190802T204538+0900,21.6,21.1,15
,21.6,19.9,14
20190802T204539+0900,20.2,18.6,14
,20.2,17,11
20190802T204540+0900,15.8,15.1,11
,15.8,13,9
20190802T204541+0900,13,11,9
,13,9,6
20190802T204542+0900,8.6,7.3,6
,8.6,5.3,5
20190802T204543+0900,7.2,4.4,5
,7.2,3.5,2
20190802T204544+0900,2.8,2.1,2
,2.8,0,1
20190802T204545+0900,1.4,0,1
,1.4,0,0
20190802T204547+0900,0,0,0
,0,0,0
20190802T204548+0900,0,0,0
,0,0,0
20190802T204549+0900,0,0,0
,0,0,0
20190802T204550+0900,0,0,0
,0,0,0
20190802T204551+0900,0,0,0
,0,0,0
20190802T204552+0900,0,0,0
,0,0,0
20190802T204553+0900,0,0,0
,0,0,0
20190802T204554+0900,0,0,0
,0,0,0
20190802T204555+0900,0,0,0
,0,0,0
20190802T204556+0900,0,0,0
,0,0,0
20190802T204557+0900,0,0,0
,0,0,0
20190802T204558+0900,0,0,0
,0,0,0
20190802T204559+0900,0,0,0
,0,0,0
20190802T204559+0900,0,0,0
,0,0,0
20190802T204600+0900,0,0,0
,0,0,0
20190802T204602+0900,0,0,0
,0,0,0
20190802T204602+0900,0,0,0
,0,0,0
20190802T204603+0900,0,0,0
,0,0,0
20190802T204604+0900,0,0,0
,0,0,0
20190802T204605+0900,0,0,0
,0,0,0
20190802T204606+0900,0,0,0
,0,0,0
20190802T204607+0900,0,0,0
,0,0,0
20190802T204608+0900,0,0,0
,0,0,0
20190802T204609+0900,0,0,0
,0,0,0
20190802T204610+0900,0,0,0
,0,0,0
20190802T204611+0900,0,0,0
,0,0,0
20190802T204613+0900,0,0,0
,0,0,0
20190802T204614+0900,0,0,0
,0,0,0
20190802T204615+0900,0,0,0
,0,0,0
20190802T204616+0900,0,0,0
,0,0,0
20190802T204617+0900,0,0,0
,0,0,0
20190802T204617+0900,0,0,0
,0,0,0
20190802T204618+0900,0,0,0
,0,0,0
20190802T204620+0900,0,0,0
,0,0,0
20190802T204621+0900,0,0,0
,0,0,0
20190802T204622+0900,0,0,0
,0,0,0
20190802T204623+0900,0,0,0
,0,0,0
20190802T204623+0900,0,0,0
,0,0,0
20190802T204624+0900,0,0,0
,0,0,0
20190802T204626+0900,0,0,0
,0,0,0
20190802T204627+0900,0,0,0
,0,0,0
20190802T204628+0900,0,0,0
,0,0,0
20190802T204629+0900,0,0,0
,0,0,0
20190802T204630+0900,0,0,0
,0,0,0
20190802T204631+0900,0,0,0
,0,2.7,1
20190802T204632+0900,1.4,3,1
,1.4,1.9,3
20190802T204632+0900,4.3,1.9,3
,4.3,0,0
20190802T204634+0900,0,0,0
,0,0,0
20190802T204635+0900,0,0,0
,0,0,0
20190802T204635+0900,0,0,0
,0,0,0
20190802T204636+0900,0,0,0
,0,0,1
20190802T204637+0900,1.4,0,1
,1.4,5.5,4
20190802T204639+0900,5.7,6.6,4
,5.7,7.1,5
20190802T204640+0900,7.2,8.4,5
,7.2,10.7,7
20190802T204641+0900,10.1,11.7,7
,10.1,11,8
20190802T204641+0900,11.5,11,8
,11.5,9.7,7
20190802T204642+0900,10.1,9.1,7
,10.1,8.5,7
20190802T204643+0900,10.1,7.7,7
,10.1,7.6,5
20190802T204644+0900,7.2,7.8,5
,7.2,7.7,6
20190802T204645+0900,8.6,8.3,6
,8.6,9.4,6
20190802T204646+0900,8.6,9.2,6
,8.6,8,6
20190802T204647+0900,8.6,7.3,6
,8.6,6.7,5
20190802T204648+0900,7.2,6,5
,7.2,4.6,3
20190802T204649+0900,4.3,4.1,3
,4.3,4.5,5
20190802T204650+0900,7.2,6.7,5
,7.2,9.3,7
20190802T204651+0900,10.1,11.6,7
,10.1,12.3,9
20190802T204652+0900,13,11.9,9
,13,10.9,8
20190802T204653+0900,11.5,10.4,8
,11.5,10,7
20190802T204654+0900,10.1,9.5,7
,10.1,10.3,9
20190802T204655+0900,13,11.2,9
,13,13.2,10
20190802T204656+0900,14.4,15.4,10
,14.4,17.7,13
20190802T204657+0900,18.7,19.9,13
,18.7,22.2,17
20190802T204658+0900,24.5,24.1,17
,24.5,25.4,19
20190802T204659+0900,27.4,26.8,19
,27.4,27.3,20
20190802T204700+0900,28.8,27.4,20
,28.8,27.7,20
20190802T204701+0900,28.8,29.1,20
,28.8,30.6,22
20190802T204702+0900,31.7,32,22
,31.7,32.2,22
20190802T204703+0900,31.7,30,22
,31.7,27.2,19
20190802T204704+0900,27.4,25.4,19
,27.4,23.8,16
20190802T204705+0900,23.1,22.1,16
,23.1,20.5,14
20190802T204706+0900,20.2,19.3,14
,20.2,18.5,13
20190802T204707+0900,18.7,17.1,13
,18.7,14.9,10
20190802T204708+0900,14.4,12.7,10
,14.4,11.1,8
20190802T204709+0900,11.5,9.9,8
,11.5,9.4,6
20190802T204710+0900,8.6,9.1,6
,8.6,8.9,7
20190802T204711+0900,10.1,8.7,7
,10.1,8.7,6
20190802T204712+0900,8.6,8.6,6
,8.6,8.5,6
20190802T204713+0900,8.6,8.6,6
,8.6,8.7,7
20190802T204714+0900,10.1,8.7,7
,10.1,8.7,6
20190802T204715+0900,8.6,8.6,6
,8.6,8.5,6
20190802T204716+0900,8.6,8.2,6
,8.6,8.4,6
20190802T204717+0900,8.6,8.4,6
,8.6,8.2,6
20190802T204718+0900,8.6,8.2,6
,8.6,8.1,6
20190802T204719+0900,8.6,8.2,6
,8.6,8.2,6
20190802T204720+0900,8.6,8.4,6
,8.6,8.3,6
20190802T204721+0900,8.6,8.2,6
,8.6,8.1,6
20190802T204722+0900,8.6,8.1,6
,8.6,8,6
20190802T204723+0900,8.6,7.4,6
,8.6,6.2,5
20190802T204724+0900,7.2,5.4,5
,7.2,5,3
20190802T204725+0900,4.3,3.9,3
,4.3,2.9,2
20190802T204726+0900,2.8,2,2
,2.8,1.3,1
20190802T204727+0900,1.4,0,1
,1.4,0,0
20190802T204728+0900,0,0,0
,0,0,0
20190802T204729+0900,0,0,0
,0,0,0
20190802T204730+0900,0,0,0
,0,0,0
20190802T204731+0900,0,0,0
,0,0,0
20190802T204732+0900,0,0,0
,0,0,0
20190802T204733+0900,0,0,0
,0,0,0
20190802T204734+0900,0,0,0
,0,0,0
20190802T204736+0900,0,0,0
,0,0,0
20190802T204736+0900,0,0,0
,0,0,0
20190802T204737+0900,0,0,0
,0,0,0
20190802T204738+0900,0,0,0
,0,0,0
20190802T204740+0900,0,0,0
,0,0,1
20190802T204741+0900,1.4,0,1
,1.4,0,0
20190802T204741+0900,0,0,0
,0,0,0
20190802T204742+0900,0,0,0
,0,0,0
20190802T204743+0900,0,0,0
,0,0,0
20190802T204745+0900,0,0,0
,0,0,0
20190802T204745+0900,0,0,0
,0,0,0
20190802T204747+0900,0,0,0
,0,0,0
20190802T204747+0900,0,0,0
,0,0,0
20190802T204748+0900,0,0,0
,0,0,0
20190802T204749+0900,0,0,0
,0,0,0
20190802T204750+0900,0,0,0
,0,0,0
20190802T204751+0900,0,0,0
,0,0,0
20190802T204752+0900,0,0,0
,0,0,0
20190802T204753+0900,0,0,0
,0,0,0
20190802T204754+0900,0,0,0
,0,1.2,1
20190802T204755+0900,1.4,0,1
,1.4,0,0
20190802T204756+0900,0,0,0
,0,0,0
20190802T204757+0900,0,0,0
,0,0,0
20190802T204758+0900,0,0,0
,0,0,0
20190802T204759+0900,0,0,0
,0,0,0
20190802T204800+0900,0,0,0
,0,0,0
20190802T204801+0900,0,0,0
,0,0,0
20190802T204802+0900,0,0,0
,0,0,0
20190802T204803+0900,0,0,0
,0,0,0
20190802T204804+0900,0,0,0
,0,0,0
20190802T204805+0900,0,0,0
,0,0,1
20190802T204806+0900,1.4,0,1
,1.4,0,0
20190802T204807+0900,0,0,0
,0,0,0
20190802T204808+0900,0,0,0
,0,0,0
20190802T204809+0900,0,0,0
,0,0,1
20190802T204810+0900,1.4,0,1
,1.4,4,5
20190802T204811+0900,7.2,7.6,5
,7.2,10.3,8
20190802T204812+0900,11.5,12.3,8
,11.5,14.2,11
20190802T204813+0900,15.8,15.5,11
,15.8,16.5,12
20190802T204814+0900,17.3,17.7,12
,17.3,18.4,13
20190802T204815+0900,18.7,19.4,13
,18.7,20.5,16
20190802T204816+0900,23.1,21.5,16
,23.1,23.9,17
20190802T204818+0900,24.5,24.8,17
,24.5,25.5,19
20190802T204818+0900,27.4,26.4,19
,27.4,26.9,21
20190802T204819+0900,30.3,27.1,21
,30.3,27.4,21
20190802T204820+0900,30.3,27.7,21
,30.3,28.2,22
20190802T204821+0900,31.7,28.1,22
,31.7,27.8,23
20190802T204822+0900,33.2,27.8,23
,33.2,27.6,23
20190802T204823+0900,33.2,27,23
,33.2,26.6,22
20190802T204824+0900,31.7,26.7,22
,31.7,26.6,23
20190802T204825+0900,33.2,26.5,23
,33.2,26,22
20190802T204826+0900,31.7,26.7,22
,31.7,28.3,23
20190802T204827+0900,33.2,28.9,23
,33.2,28.9,23
20190802T204828+0900,33.2,29.2,23
,33.2,30,25
20190802T204830+0900,36.1,30.6,25
,36.1,30.6,23
20190802T204830+0900,33.2,28.8,23
,33.2,26.6,18
20190802T204831+0900,26,23.5,18
,26,20,13
20190802T204832+0900,18.7,16.7,13
,18.7,13.4,9
20190802T204833+0900,13,10.3,9
,13,7.5,4
20190802T204834+0900,5.7,4.6,4
,5.7,2.2,2
20190802T204835+0900,2.8,0,2
,2.8,0,0
20190802T204836+0900,0,0,0
,0,0,0
20190802T204837+0900,0,0,0
,0,0,0
20190802T204838+0900,0,0,0
,0,0,0
20190802T204839+0900,0,0,0
,0,0,0
20190802T204840+0900,0,0,0
,0,0,2
20190802T204841+0900,2.8,3.6,2
,2.8,6.1,5
20190802T204842+0900,7.2,8,5
,7.2,10,8
20190802T204843+0900,11.5,12.3,8
,11.5,14.6,11
20190802T204844+0900,15.8,16.4,11
,15.8,18.4,14
20190802T204845+0900,20.2,20.3,14
,20.2,22.1,16
20190802T204847+0900,23.1,25.5,16
,23.1,25.5,19
20190802T204847+0900,27.4,27.7,19
,27.4,29.4,22
20190802T204848+0900,31.7,31.2,22
,31.7,32.9,24
20190802T204849+0900,34.6,34.7,24
,34.6,36.4,25
20190802T204850+0900,36.1,36.2,25
,36.1,36.1,26
20190802T204851+0900,37.5,35.3,26
,37.5,34.5,24
20190802T204852+0900,34.6,33.4,24
,34.6,32.6,22
20190802T204853+0900,31.7,32.2,22
,31.7,31.5,23
20190802T204854+0900,33.2,30.9,23
,33.2,30.2,21
20190802T204855+0900,30.3,29.6,21
,30.3,28.5,19
20190802T204856+0900,27.4,27.5,19
,27.4,27.2,20
20190802T204857+0900,28.8,27.1,20
,28.8,27.3,19
20190802T204858+0900,27.4,27.2,19
,27.4,27.1,19
20190802T204859+0900,27.4,26.7,19
,27.4,23.8,17
20190802T204900+0900,24.5,23.8,17
,24.5,21.6,15
20190802T204901+0900,21.6,18.6,15
,21.6,15.7,10
20190802T204902+0900,14.4,12.8,10
,14.4,10.5,7
20190802T204903+0900,10.1,8.9,7
,10.1,8,6
20190802T204904+0900,8.6,7.4,6
,8.6,7.3,5
20190802T204905+0900,7.2,7.2,5
,7.2,7.3,5
20190802T204906+0900,7.2,7.3,5
,7.2,7.3,5
20190802T204907+0900,7.2,7.2,5
,7.2,7.2,5
20190802T204908+0900,7.2,7.1,5
,7.2,6.7,5
20190802T204909+0900,7.2,6.5,5
,7.2,6.4,5
20190802T204910+0900,7.2,6.4,5
,7.2,7,5
20190802T204911+0900,7.2,7.4,5
,7.2,7.3,6
20190802T204912+0900,8.6,7.3,6
,8.6,7.3,5
20190802T204913+0900,7.2,7.3,5
,7.2,8,6
20190802T204914+0900,8.6,8.4,6
,8.6,9.8,8
20190802T204915+0900,11.5,11.3,8
,11.5,11.6,8
20190802T204916+0900,11.5,10.9,8
,11.5,8.7,5
20190802T204917+0900,7.2,6.8,5
,7.2,6.5,5
20190802T204918+0900,7.2,6.8,5
,7.2,6.7,5
20190802T204919+0900,7.2,6.4,5
,7.2,6.3,5
20190802T204920+0900,7.2,6.4,5
,7.2,6.7,5
20190802T204921+0900,7.2,7.7,5
,7.2,8.1,5
20190802T204922+0900,7.2,8.3,5
,7.2,8.4,6
20190802T204923+0900,8.6,8.5,6
,8.6,8.3,6
20190802T204924+0900,8.6,8.3,6
,8.6,8.5,6
20190802T204925+0900,8.6,8.7,6
,8.6,8.4,6
20190802T204926+0900,8.6,8.2,6
,8.6,7.7,6
20190802T204927+0900,8.6,6.7,6
,8.6,5.6,3
20190802T204928+0900,4.3,3.7,3
,4.3,1.5,2
20190802T204929+0900,2.8,0,2
,2.8,0,0
20190802T204930+0900,0,0,0
,0,0,0
20190802T204931+0900,0,0,0
,0,0,0
20190802T204932+0900,0,0,0
,0,0,0
20190802T204933+0900,0,0,0
,0,0,0
20190802T204934+0900,0,0,0
,0,0,0
20190802T204935+0900,0,0,0
,0,0,0
20190802T204936+0900,0,0,0
,0,0,0
20190802T204937+0900,0,0,0
,0,0,0
20190802T204938+0900,0,0,0
,0,0,0
20190802T204939+0900,0,0,0
,0,0,0
20190802T204940+0900,0,0,0
,0,0,0
20190802T204941+0900,0,0,0
,0,0,0
20190802T204942+0900,0,0,0
,0,0,0
20190802T204943+0900,0,0,0
,0,0,0
20190802T204944+0900,0,0,0
,0,0,0
20190802T204946+0900,0,0,0
,0,0,0
20190802T204946+0900,0,0,0
,0,0,0
20190802T204947+0900,0,0,0
,0,0,0
20190802T204948+0900,0,0,0
,0,0,0
20190802T204950+0900,0,0,0
,0,0,0
20190802T204950+0900,0,0,0
,0,0,0
20190802T204951+0900,0,0,0
,0,0,0
20190802T204952+0900,0,0,0
,0,0,0
20190802T204953+0900,0,0,0
,0,0,0
20190802T204954+0900,0,0,0
,0,0,0
20190802T204955+0900,0,0,0
,0,0,0
20190802T204956+0900,0,0,0
,0,0,0
20190802T204957+0900,0,0,0
,0,0,0
20190802T204958+0900,0,0,0
,0,0,0
20190802T204959+0900,0,0,0
,0,0,0
20190802T205000+0900,0,0,0
,0,0,0
20190802T205001+0900,0,0,0
,0,0,0
20190802T205002+0900,0,0,0
,0,0,0
20190802T205003+0900,0,0,0
,0,0,0
20190802T205004+0900,0,0,0
,0,0,0
20190802T205005+0900,0,0,0
,0,0,1
20190802T205006+0900,1.4,0,1
,1.4,4.5,3
20190802T205007+0900,4.3,5.4,3
,4.3,5.8,4
20190802T205008+0900,5.7,6.3,4
,5.7,6.6,5
20190802T205009+0900,7.2,7,5
,7.2,7.1,5
20190802T205010+0900,7.2,7.1,5
,7.2,7.1,6
20190802T205011+0900,8.6,7.1,6
,8.6,7.5,5
20190802T205012+0900,7.2,8.4,5
,7.2,8.6,6
20190802T205013+0900,8.6,8.7,6
,8.6,8.6,6
20190802T205014+0900,8.6,8,6
,8.6,7.3,5
20190802T205015+0900,7.2,6.4,5
,7.2,5.8,5
20190802T205016+0900,7.2,5.4,5
,7.2,5.3,4
20190802T205017+0900,5.7,5.6,4
,5.7,5.8,4
20190802T205018+0900,5.7,6,4
,5.7,6.5,5
20190802T205019+0900,7.2,8.3,5
,7.2,9.7,7
20190802T205020+0900,10.1,10.2,7
,10.1,10.6,8
20190802T205021+0900,11.5,11.2,8
,11.5,10.6,7
20190802T205022+0900,10.1,9.4,7
,10.1,8.8,6
20190802T205023+0900,8.6,8.4,6
,8.6,8.1,6
20190802T205024+0900,8.6,7.9,6
,8.6,7.8,5
20190802T205025+0900,7.2,7.8,5
,7.2,8.1,6
20190802T205026+0900,8.6,9,6
,8.6,9.8,7
20190802T205027+0900,10.1,9.7,7
,10.1,9.9,7
20190802T205028+0900,10.1,9.7,7
,10.1,8.4,6
20190802T205029+0900,8.6,7.2,6
,8.6,6.8,5
20190802T205030+0900,7.2,6.6,5
,7.2,7,5
20190802T205031+0900,7.2,8.2,5
,7.2,9.2,7
20190802T205032+0900,10.1,9.5,7
,10.1,8.6,6
20190802T205033+0900,8.6,8.4,6
,8.6,8.3,6
20190802T205034+0900,8.6,7.8,6
,8.6,7.4,5
20190802T205035+0900,7.2,7.4,5
,7.2,7.2,6
20190802T205036+0900,8.6,7.9,6
,8.6,9.5,7
20190802T205037+0900,10.1,10.1,7
,10.1,10.6,8
20190802T205038+0900,11.5,12.3,8
,11.5,14,10
20190802T205039+0900,14.4,15.9,10
,14.4,18.5,14
20190802T205040+0900,20.2,21.4,14
,20.2,23.4,18
20190802T205041+0900,26,25.1,18
,26,26.5,19
20190802T205042+0900,27.4,28.3,19
,27.4,30.3,22
20190802T205043+0900,31.7,31.8,22
,31.7,32.8,24
20190802T205044+0900,34.6,33.6,24
,34.6,34.1,24
20190802T205045+0900,34.6,34.2,24
,34.6,33.5,23
20190802T205046+0900,33.2,31.3,23
,33.2,29.1,20
20190802T205047+0900,28.8,26.7,20
,28.8,24.7,17
20190802T205048+0900,24.5,23.3,17
,24.5,22,15
20190802T205049+0900,21.6,20.7,15
,21.6,20.2,14
20190802T205050+0900,20.2,19.7,14
,20.2,18.7,13
20190802T205051+0900,18.7,17.4,13
,18.7,15.9,11
20190802T205052+0900,15.8,15.5,11
,15.8,15,10
20190802T205053+0900,14.4,14.6,10
,14.4,14.4,11
20190802T205054+0900,15.8,14.7,11
,15.8,15.1,10
20190802T205055+0900,14.4,14.9,10
,14.4,14.8,11
20190802T205056+0900,15.8,14.9,11
,15.8,16,13
20190802T205057+0900,18.7,17.2,13
,18.7,18.3,14
20190802T205058+0900,20.2,19.3,14
,20.2,21.2,16
20190802T205059+0900,23.1,23.8,16
,23.1,26.1,20
20190802T205100+0900,28.8,27.8,20
,28.8,29.6,21
20190802T205101+0900,30.3,31.1,21
,30.3,32.9,24
20190802T205102+0900,34.6,34.2,24
,34.6,35.8,26
20190802T205103+0900,37.5,37.4,26
,37.5,38.9,28
20190802T205104+0900,40.4,40.4,28
,40.4,41.5,30
20190802T205106+0900,43.3,43.2,30
,43.3,43.2,30
20190802T205106+0900,43.3,42.9,30
,43.3,42.6,30
20190802T205107+0900,43.3,41.9,30
,43.3,40.2,27
20190802T205108+0900,39,38.1,27
,39,35.7,24
20190802T205109+0900,34.6,33.1,24
,34.6,30.1,20
20190802T205110+0900,28.8,26.8,20
,28.8,24,17
20190802T205111+0900,24.5,21.4,17
,24.5,18.7,12
20190802T205112+0900,17.3,17,12
,17.3,15.6,11
20190802T205113+0900,15.8,14.3,11
,15.8,14,10
20190802T205114+0900,14.4,13.8,10
,14.4,14,11
20190802T205115+0900,15.8,15.4,11
,15.8,18.2,14
20190802T205116+0900,20.2,21,14
,20.2,23.3,18
20190802T205117+0900,26,25.8,18
,26,28.7,21
20190802T205118+0900,30.3,31.1,21
,30.3,34,25
20190802T205119+0900,36.1,36.9,25
,36.1,39.2,29
20190802T205120+0900,41.8,41.1,29
,41.8,43.1,31
20190802T205121+0900,44.7,45.1,31
,44.7,47.2,34
20190802T205122+0900,49.1,48.4,34
,49.1,48.5,35
20190802T205123+0900,50.5,49.4,35
,50.5,49.8,36
20190802T205124+0900,52,48.7,36
,52,46.8,32
20190802T205125+0900,46.2,44.6,32
,46.2,42.3,29
20190802T205126+0900,41.8,40.1,29
,41.8,37.5,25
20190802T205127+0900,36.1,34.5,25
,36.1,32.1,22
20190802T205128+0900,31.7,30.2,22
,31.7,27.5,19
20190802T205129+0900,27.4,24.8,19
,27.4,22.2,15
20190802T205130+0900,21.6,20.2,15
,21.6,18.6,12
20190802T205131+0900,17.3,16.9,12
,17.3,15.8,11
20190802T205132+0900,15.8,15.4,11
,15.8,15.2,11
20190802T205133+0900,15.8,15.1,11
,15.8,14.4,10
20190802T205134+0900,14.4,14,10
,14.4,13.1,10
20190802T205135+0900,14.4,12.3,10
,14.4,11.4,9
20190802T205136+0900,13,11.1,9
,13,11,9
20190802T205137+0900,13,11.8,9
,13,12.2,9
20190802T205138+0900,13,12.4,9
,13,12.2,8
20190802T205139+0900,11.5,12.5,8
,11.5,12.5,9
20190802T205140+0900,13,12,9
,13,10.1,6
20190802T205141+0900,8.6,8,6
,8.6,5.3,3
20190802T205142+0900,4.3,3.2,3
,4.3,1.5,1
20190802T205143+0900,1.4,0,1
,1.4,0,0
20190802T205144+0900,0,0,0
,0,0,0
20190802T205145+0900,0,0,0
,0,0,0
20190802T205146+0900,0,0,0
,0,0,0
20190802T205147+0900,0,0,0
,0,0,0
20190802T205148+0900,0,0,0
,0,0,0
20190802T205149+0900,0,0,0
,0,0,0
20190802T205150+0900,0,0,0
,0,0,0
20190802T205151+0900,0,0,0
,0,0,0
20190802T205152+0900,0,0,0
,0,0,0
20190802T205153+0900,0,0,0
,0,0,0
20190802T205154+0900,0,0,0
,0,0,0
20190802T205155+0900,0,0,0
,0,0,0
20190802T205156+0900,0,0,0
,0,0,0
20190802T205157+0900,0,0,0
,0,0,0
20190802T205158+0900,0,0,0
,0,0,0
20190802T205159+0900,0,0,0
,0,0,0
20190802T205200+0900,0,0,0
,0,0,0
20190802T205201+0900,0,0,0
,0,0,0
20190802T205202+0900,0,0,0
,0,0,0
20190802T205203+0900,0,0,0
,0,0,0
20190802T205204+0900,0,0,0
,0,0,0
20190802T205205+0900,0,0,0
,0,0,0
20190802T205206+0900,0,0,0
,0,0,0
20190802T205207+0900,0,0,0
,0,0,0
20190802T205208+0900,0,0,0
,0,0,0
20190802T205209+0900,0,0,0
,0,0,0
20190802T205210+0900,0,0,0
,0,0,0
20190802T205211+0900,0,0,0
,0,0,0
20190802T205212+0900,0,0,0
,0,0,0
20190802T205213+0900,0,0,0
,0,1.9,2
20190802T205214+0900,2.8,2.5,2
,2.8,3.1,2
20190802T205215+0900,2.8,4.5,2
,2.8,6.6,6
20190802T205216+0900,8.6,8.8,6
,8.6,11.6,8
20190802T205217+0900,11.5,13.2,8
,11.5,13.4,10
20190802T205218+0900,14.4,12.9,10
,14.4,10.5,6
20190802T205219+0900,8.6,8.8,6
,8.6,8.3,6
20190802T205220+0900,8.6,7.7,6
,8.6,7.6,5
20190802T205221+0900,7.2,7.5,5
,7.2,8.2,7
20190802T205222+0900,10.1,10.1,7
,10.1,13,10
20190802T205223+0900,14.4,15.5,10
,14.4,17.7,13
20190802T205224+0900,18.7,19.8,13
,18.7,21.4,16
20190802T205225+0900,23.1,23,16
,23.1,24.1,17
20190802T205226+0900,24.5,25,17
,24.5,25.7,18
20190802T205227+0900,26,25.6,18
,26,23.8,17
20190802T205228+0900,24.5,22.3,17
,24.5,22.1,15
20190802T205229+0900,21.6,21.7,15
,21.6,20.6,14
20190802T205230+0900,20.2,19.2,14
,20.2,17.1,12
20190802T205231+0900,17.3,15.3,12
,17.3,14.6,11
20190802T205232+0900,15.8,14.6,11
,15.8,15.1,11
20190802T205233+0900,15.8,15.4,11
,15.8,16.3,12
20190802T205234+0900,17.3,15.3,12
,17.3,15.4,14
20190802T205235+0900,20.2,16.7,14
,20.2,19.7,17
20190802T205236+0900,24.5,22.7,17
,24.5,25.8,19
20190802T205237+0900,27.4,28.5,19
,27.4,29.6,21
20190802T205239+0900,30.3,30.2,21
,30.3,30.2,21
20190802T205239+0900,30.3,30,21
,30.3,29.7,20
20190802T205240+0900,28.8,29.7,20
,28.8,29,21
20190802T205241+0900,30.3,28.2,21
,30.3,27.5,19
20190802T205242+0900,27.4,26.9,19
,27.4,27.6,18
20190802T205243+0900,26,26.8,18
,26,26.8,19
20190802T205244+0900,27.4,28,19
,27.4,29.6,21
20190802T205245+0900,30.3,30.5,21
,30.3,30.8,22
20190802T205246+0900,31.7,30.9,22
,31.7,31.9,24
20190802T205248+0900,34.6,34.1,24
,34.6,34.1,26
20190802T205248+0900,37.5,36.2,26
,37.5,37.4,27
20190802T205249+0900,39,39,27
,39,40.1,29
20190802T205250+0900,41.8,40.8,29
,41.8,41.5,31
20190802T205251+0900,44.7,41.1,31
,44.7,40.1,29
20190802T205252+0900,41.8,40.1,29
,41.8,40.9,30
20190802T205253+0900,43.3,41.4,30
,43.3,42.2,30
20190802T205254+0900,43.3,41.8,30
,43.3,42.7,31
20190802T205255+0900,44.7,42.9,31
,44.7,43.4,31
20190802T205256+0900,44.7,43,31
,44.7,43.7,31
20190802T205257+0900,44.7,43.7,31
,44.7,43.7,32
20190802T205258+0900,46.2,44.1,32
,46.2,44.3,31
20190802T205259+0900,44.7,43.8,31
,44.7,43.8,32
20190802T205300+0900,46.2,43.8,32
,46.2,43.9,31
20190802T205301+0900,44.7,44.4,31
,44.7,44.7,32
20190802T205302+0900,46.2,45.1,32
,46.2,45.8,33
20190802T205303+0900,47.6,46.5,33
,47.6,47.2,33
20190802T205304+0900,47.6,47.8,33
,47.6,48.4,35
20190802T205305+0900,50.5,49,35
,50.5,49.6,35
20190802T205306+0900,50.5,50.3,35
,50.5,51.1,37
20190802T205307+0900,53.4,52,37
,53.4,52.8,37
20190802T205308+0900,53.4,53.7,37
,53.4,54.8,40
20190802T205309+0900,57.7,56,40
,57.7,57.2,40
20190802T205310+0900,57.7,58.3,40
,57.7,59.3,43
20190802T205311+0900,62.1,60.2,43
,62.1,61.4,44
20190802T205312+0900,63.5,62.5,44
,63.5,63.5,45
20190802T205313+0900,65,64.1,45
,65,64.9,46
20190802T205314+0900,66.4,65.5,46
,66.4,66.4,47
20190802T205315+0900,67.8,67.2,47
,67.8,67.8,48
20190802T205316+0900,69.3,68.2,48
,69.3,68.1,48
20190802T205317+0900,69.3,67.9,48
,69.3,67.8,48
20190802T205318+0900,69.3,67.8,48
,69.3,68,48
20190802T205319+0900,69.3,68.3,48
,69.3,68.2,48
20190802T205320+0900,69.3,67.5,48
,69.3,66.9,47
20190802T205321+0900,67.8,66.3,47
,67.8,66.1,47
20190802T205322+0900,67.8,66.2,47
,67.8,66.2,47
20190802T205323+0900,67.8,65.9,47
,67.8,65.5,45
20190802T205324+0900,65,64.8,45
,65,64.1,45
20190802T205325+0900,65,63.7,45
,65,63.1,45
20190802T205326+0900,65,62.5,45
,65,62.4,44
20190802T205327+0900,63.5,62.3,44
,63.5,62.4,44
20190802T205328+0900,63.5,62.8,44
,63.5,63.8,46
20190802T205329+0900,66.4,64.7,46
,66.4,65.4,46
20190802T205330+0900,66.4,66,46
,66.4,66.8,47
20190802T205331+0900,67.8,67.5,47
,67.8,68.6,49
20190802T205332+0900,70.7,69.4,49
,70.7,69.9,50
20190802T205333+0900,72.2,70.4,50
,72.2,70.5,50
20190802T205334+0900,72.2,70.7,50
,72.2,70.7,50
20190802T205335+0900,72.2,70.9,50
,72.2,71.6,50
20190802T205336+0900,72.2,72.4,50
,72.2,73,52
20190802T205337+0900,75.1,72.9,52
,75.1,72.9,51
20190802T205338+0900,73.6,72.9,51
,73.6,73.2,52
20190802T205339+0900,75.1,73.3,52
,75.1,73.5,52
20190802T205340+0900,75.1,73.9,52
,75.1,74.3,53
20190802T205341+0900,76.5,74.4,53
,76.5,74.2,52
20190802T205342+0900,75.1,74.2,52
,75.1,74.5,53
20190802T205343+0900,76.5,75.1,53
,76.5,75.4,53
20190802T205344+0900,76.5,75.5,53
,76.5,75.6,53
20190802T205345+0900,76.5,75.3,53
,76.5,74.8,53
20190802T205346+0900,76.5,74.4,53
,76.5,74.2,52
20190802T205347+0900,75.1,73.8,52
,75.1,73,51
20190802T205348+0900,73.6,72.4,51
,73.6,71.7,51
20190802T205349+0900,73.6,71,51
,73.6,70.2,49
20190802T205350+0900,70.7,69.5,49
,70.7,68.8,48
20190802T205351+0900,69.3,68.2,48
,69.3,67.4,48
20190802T205352+0900,69.3,67.1,48
,69.3,66.8,47
20190802T205353+0900,67.8,66.8,47
,67.8,67,48
20190802T205354+0900,69.3,67.5,48
,69.3,68,48
20190802T205355+0900,69.3,68.3,48
,69.3,68.8,48
20190802T205356+0900,69.3,69.1,48
,69.3,68.8,49
20190802T205357+0900,70.7,68.8,49
,70.7,68.8,49
20190802T205358+0900,70.7,68.8,49
,70.7,68.5,48
20190802T205359+0900,69.3,68.4,48
,69.3,68.1,48
20190802T205400+0900,69.3,67.7,48
,69.3,67.2,47
20190802T205401+0900,67.8,66.7,47
,67.8,66.9,47
20190802T205402+0900,67.8,67.1,47
,67.8,67.6,49
20190802T205403+0900,70.7,68.3,49
,70.7,69,49
20190802T205404+0900,70.7,69.9,49
,70.7,70.4,49
20190802T205405+0900,70.7,71.1,49
,70.7,71.6,52
20190802T205406+0900,75.1,72.2,52
,75.1,73,52
20190802T205407+0900,75.1,73.5,52
,75.1,74.1,52
20190802T205408+0900,75.1,74.3,52
,75.1,74.1,52
20190802T205409+0900,75.1,74.2,52
,75.1,74,52
20190802T205410+0900,75.1,73.4,52
,75.1,72.7,52
20190802T205411+0900,75.1,72.6,52
,75.1,72.4,50
20190802T205412+0900,72.2,71.8,50
,72.2,71.3,51
20190802T205413+0900,73.6,71.3,51
,73.6,70.8,50
20190802T205414+0900,72.2,70.1,50
,72.2,69.2,48
20190802T205415+0900,69.3,68,48
,69.3,67.1,47
20190802T205416+0900,67.8,66.2,47
,67.8,65.8,47
20190802T205417+0900,67.8,65.8,47
,67.8,66,46
20190802T205418+0900,66.4,66.3,46
,66.4,66.5,47
20190802T205419+0900,67.8,66.7,47
,67.8,66.7,48
20190802T205420+0900,69.3,66.8,48
,69.3,67.1,47
20190802T205421+0900,67.8,67.3,47
,67.8,67.8,48
20190802T205422+0900,69.3,68.4,48
,69.3,68.5,48
20190802T205423+0900,69.3,68.7,48
,69.3,69,49
20190802T205424+0900,70.7,69.5,49
,70.7,70.2,50
20190802T205425+0900,72.2,70.6,50
,72.2,71.2,51
20190802T205426+0900,73.6,71.3,51
,73.6,72,51
20190802T205427+0900,73.6,72.2,51
,73.6,72.2,51
20190802T205428+0900,73.6,72.1,51
,73.6,72.2,50
20190802T205429+0900,72.2,72.2,50
,72.2,71.8,51
20190802T205430+0900,73.6,71.2,51
,73.6,70.8,50
20190802T205431+0900,72.2,70.9,50
,72.2,70.7,50
20190802T205432+0900,72.2,70.3,50
,72.2,69.9,49
20190802T205433+0900,70.7,69.3,49
,70.7,68.6,47
20190802T205434+0900,67.8,68,47
,67.8,67.4,49
20190802T205435+0900,70.7,67.3,49
,70.7,67.2,47
20190802T205436+0900,67.8,67.2,47
,67.8,67.4,48
20190802T205437+0900,69.3,67.5,48
,69.3,67.8,48
20190802T205438+0900,69.3,68,48
,69.3,68.2,48
20190802T205439+0900,69.3,68.3,48
,69.3,68.5,48
20190802T205440+0900,69.3,68.5,48
,69.3,68.5,48
20190802T205441+0900,69.3,68.6,48
,69.3,69,49
20190802T205442+0900,70.7,69.5,49
,70.7,70,50
20190802T205443+0900,72.2,70.4,50
,72.2,71.1,50
20190802T205444+0900,72.2,71.2,50
,72.2,70.9,50
20190802T205445+0900,72.2,70.1,50
,72.2,69.3,48
20190802T205446+0900,69.3,69,48
,69.3,69,49
20190802T205447+0900,70.7,69,49
,70.7,68.5,48
20190802T205448+0900,69.3,68.1,48
,69.3,68.3,48
20190802T205449+0900,69.3,68.4,48
,69.3,68.6,49
20190802T205450+0900,70.7,69,49
,70.7,68.8,48
20190802T205451+0900,69.3,68.7,48
,69.3,68.8,49
20190802T205453+0900,70.7,68.8,49
,70.7,68.8,48
20190802T205454+0900,69.3,68.2,48
,69.3,68.2,49
20190802T205455+0900,70.7,68.5,49
,70.7,68.1,48
20190802T205456+0900,69.3,67.4,48
,69.3,67.4,47
20190802T205456+0900,67.8,66.6,47
,67.8,63.6,44
20190802T205457+0900,63.5,61.3,44
,63.5,59.9,42
20190802T205458+0900,60.6,58.6,42
,60.6,58,40
20190802T205459+0900,57.7,57.2,40
,57.7,57,41
20190802T205500+0900,59.2,57.4,41
,59.2,57.6,41
20190802T205501+0900,59.2,58,41
,59.2,58.9,41
20190802T205502+0900,59.2,59.9,41
,59.2,60.9,44
20190802T205503+0900,63.5,61.9,44
,63.5,62.7,45
20190802T205504+0900,65,63.8,45
,65,64.7,46
20190802T205505+0900,66.4,64.9,46
,66.4,65,46
20190802T205506+0900,66.4,65.2,46
,66.4,65.8,46
20190802T205507+0900,66.4,66.5,46
,66.4,67.1,48
20190802T205508+0900,69.3,67.6,48
,69.3,68,48
20190802T205509+0900,69.3,68.6,48
,69.3,69.2,49
20190802T205510+0900,70.7,69.3,49
,70.7,69.6,49
20190802T205511+0900,70.7,69.4,49
,70.7,69,49
20190802T205512+0900,70.7,69.2,49
,70.7,69.3,49
20190802T205513+0900,70.7,69.6,49
,70.7,70.1,50
20190802T205514+0900,72.2,70.7,50
,72.2,70.9,50
20190802T205515+0900,72.2,70.9,50
,72.2,70.9,51
20190802T205516+0900,73.6,71.4,51
,73.6,71.3,51
20190802T205518+0900,73.6,71.7,51
,73.6,71.5,50
20190802T205519+0900,72.2,71,50
,72.2,71,49
20190802T205519+0900,70.7,70.4,49
,70.7,68.8,49
20190802T205521+0900,70.7,68.1,49
,70.7,67.3,48
20190802T205522+0900,69.3,66.7,48
,69.3,65.9,46
20190802T205523+0900,66.4,65.4,46
,66.4,64.7,46
20190802T205524+0900,66.4,62.8,46
,66.4,60.9,44
20190802T205525+0900,63.5,59.5,44
,63.5,58.8,41
20190802T205526+0900,59.2,58.2,41
,59.2,58.1,41
20190802T205527+0900,59.2,58.3,41
,59.2,58.7,42
20190802T205528+0900,60.6,59.4,42
,60.6,60.2,42
20190802T205529+0900,60.6,61.2,42
,60.6,61.6,44
20190802T205530+0900,63.5,61.5,44
,63.5,61.8,43
20190802T205531+0900,62.1,62.1,43
,62.1,62,44
20190802T205532+0900,63.5,61.8,44
,63.5,62,43
20190802T205532+0900,62.1,61.9,43
,62.1,61.6,45
20190802T205533+0900,65,61.2,45
,65,61.1,44
20190802T205534+0900,63.5,60.8,44
,63.5,61,43
20190802T205536+0900,62.1,60.7,43
,62.1,60.1,42
20190802T205537+0900,60.6,60,42
,60.6,59.8,42
20190802T205538+0900,60.6,59.3,42
,60.6,58.2,42
20190802T205539+0900,60.6,56.5,42
,60.6,55.9,39
20190802T205540+0900,56.3,55.3,39
,56.3,55.2,39
20190802T205541+0900,56.3,55.5,39
,56.3,56.2,40
20190802T205542+0900,57.7,56.3,40
,57.7,56.3,40
20190802T205543+0900,57.7,56.5,40
,57.7,56.8,39
20190802T205544+0900,56.3,57.2,39
,56.3,57.5,41
20190802T205545+0900,59.2,57.7,41
,59.2,58,41
20190802T205546+0900,59.2,57.9,41
,59.2,57.8,41
20190802T205547+0900,59.2,57.8,41
,59.2,58.1,41
20190802T205548+0900,59.2,58.4,41
,59.2,58.9,41
20190802T205549+0900,59.2,59.3,41
,59.2,59.8,42
20190802T205550+0900,60.6,60,42
,60.6,59.8,42
20190802T205551+0900,60.6,59.2,42
,60.6,59.1,42
20190802T205552+0900,60.6,59.2,42
,60.6,59.3,42
20190802T205553+0900,60.6,59.5,42
,60.6,59.6,42
20190802T205554+0900,60.6,59.6,42
,60.6,59.7,42
20190802T205555+0900,60.6,59.9,42
,60.6,60.3,43
20190802T205556+0900,62.1,60.3,43
,62.1,60.5,42
20190802T205557+0900,60.6,60.2,42
,60.6,60.5,43
20190802T205558+0900,62.1,61,43
,62.1,61.4,43
20190802T205559+0900,62.1,61.5,43
,62.1,61.2,44
20190802T205600+0900,63.5,61.5,44
,63.5,61.7,43
20190802T205601+0900,62.1,62.2,43
,62.1,62.5,44
20190802T205602+0900,63.5,63.1,44
,63.5,63.8,45
20190802T205603+0900,65,64.5,45
,65,65.2,46
20190802T205604+0900,66.4,65.6,46
,66.4,66,46
20190802T205605+0900,66.4,66.2,46
,66.4,66.3,47
20190802T205606+0900,67.8,66.6,47
,67.8,66.5,47
20190802T205607+0900,67.8,66.3,47
,67.8,66.3,47
20190802T205608+0900,67.8,66.5,47
,67.8,66.5,47
20190802T205609+0900,67.8,66.1,47
,67.8,65.7,46
20190802T205610+0900,66.4,64.9,46
,66.4,64.1,46
20190802T205611+0900,66.4,63.8,46
,66.4,63,44
20190802T205612+0900,63.5,63,44
,63.5,63.3,45
20190802T205613+0900,65,63.3,45
,65,63,44
20190802T205614+0900,63.5,62.3,44
,63.5,59.7,43
20190802T205615+0900,62.1,58.1,43
,62.1,57.7,41
20190802T205616+0900,59.2,57.1,41
,59.2,56.8,40
20190802T205617+0900,57.7,56.8,40
,57.7,56.7,40
20190802T205618+0900,57.7,56.6,40
,57.7,57.1,41
20190802T205619+0900,59.2,57.7,41
,59.2,58.5,41
20190802T205620+0900,59.2,59.4,41
,59.2,59.9,42
20190802T205621+0900,60.6,60.2,42
,60.6,60.3,42
20190802T205622+0900,60.6,60.9,42
,60.6,62.3,44
20190802T205623+0900,63.5,63.5,44
,63.5,64.2,45
20190802T205624+0900,65,64.2,45
,65,63.7,45
20190802T205625+0900,65,63.5,45
,65,63.6,45
20190802T205626+0900,65,63.6,45
,65,63.9,45
20190802T205627+0900,65,64.3,45
,65,65.3,46
20190802T205628+0900,66.4,66.2,46
,66.4,67.1,47
20190802T205629+0900,67.8,67.7,47
,67.8,68.1,49
20190802T205630+0900,70.7,68.4,49
,70.7,68.5,48
20190802T205631+0900,69.3,68.1,48
,69.3,67.9,47
20190802T205632+0900,67.8,67.8,47
,67.8,68,49
20190802T205633+0900,70.7,68.2,49
,70.7,67.8,48
20190802T205634+0900,69.3,67.2,48
,69.3,66.7,47
20190802T205635+0900,67.8,66.1,47
,67.8,65.4,46
20190802T205636+0900,66.4,65,46
,66.4,64.6,46
20190802T205637+0900,66.4,64.2,46
,66.4,64.1,45
20190802T205638+0900,65,64.3,45
,65,64.3,46
20190802T205639+0900,66.4,64,46
,66.4,63.5,44
20190802T205640+0900,63.5,63,44
,63.5,62.8,45
20190802T205641+0900,65,63.1,45
,65,63.6,44
20190802T205642+0900,63.5,63.8,44
,63.5,63.9,45
20190802T205643+0900,65,64.5,45
,65,65.6,46
20190802T205644+0900,66.4,66.5,46
,66.4,67,47
20190802T205645+0900,67.8,67.1,47
,67.8,67.6,48
20190802T205646+0900,69.3,67.9,48
,69.3,68.2,48
20190802T205647+0900,69.3,68.6,48
,69.3,69.3,49
20190802T205647+0900,70.7,69.3,49
,70.7,70.1,50
20190802T205649+0900,72.2,70.3,50
,72.2,70.4,49
20190802T205650+0900,70.7,70.4,49
,70.7,70.2,50
20190802T205651+0900,72.2,70.6,50
,72.2,71.4,50
20190802T205652+0900,72.2,71.3,50
,72.2,71.1,51
20190802T205653+0900,73.6,70.9,51
,73.6,70.9,49
20190802T205654+0900,70.7,70.6,49
,70.7,70.1,50
20190802T205655+0900,72.2,69.9,50
,72.2,69.7,49
20190802T205656+0900,70.7,69.3,49
,70.7,68.8,49
20190802T205657+0900,70.7,68.2,49
,70.7,67.9,48
20190802T205658+0900,69.3,68,48
,69.3,67.9,48
20190802T205659+0900,69.3,67.8,48
,69.3,67.9,48
20190802T205700+0900,69.3,68,48
,69.3,67.8,48
20190802T205701+0900,69.3,67,48
,69.3,66.5,47
20190802T205702+0900,67.8,66.5,47
,67.8,66.7,47
20190802T205703+0900,67.8,67.1,47
,67.8,67.5,48
20190802T205704+0900,69.3,67.7,48
,69.3,68.1,48
20190802T205705+0900,69.3,68.8,48
,69.3,69,49
20190802T205706+0900,70.7,68.8,49
,70.7,68.3,48
20190802T205707+0900,69.3,68.1,48
,69.3,68.2,48
20190802T205708+0900,69.3,67.9,48
,69.3,67.3,48
20190802T205709+0900,69.3,66.8,48
,69.3,66.8,47
20190802T205710+0900,67.8,65,47
,67.8,65.1,46
20190802T205711+0900,66.4,64.6,46
,66.4,64.3,45
20190802T205712+0900,65,64.4,45
,65,64,45
20190802T205713+0900,65,63.3,45
,65,62.6,45
20190802T205714+0900,65,62,45
,65,61.6,43
20190802T205715+0900,62.1,61.8,43
,62.1,61.9,44
20190802T205716+0900,63.5,61.8,44
,63.5,61.7,44
20190802T205717+0900,63.5,62.1,44
,63.5,61.7,43
20190802T205718+0900,62.1,61.1,43
,62.1,60.5,43
20190802T205719+0900,62.1,60.3,43
,62.1,60,43
20190802T205720+0900,62.1,59.5,43
,62.1,58.8,41
20190802T205721+0900,59.2,58.1,41
,59.2,57.5,41
20190802T205722+0900,59.2,57.7,41
,59.2,58,41
20190802T205723+0900,59.2,57.8,41
,59.2,57.5,41
20190802T205724+0900,59.2,57.2,41
,59.2,57.3,40
20190802T205725+0900,57.7,57,40
,57.7,56.7,40
20190802T205726+0900,57.7,56.6,40
,57.7,56.4,40
20190802T205727+0900,57.7,55.9,40
,57.7,55.6,39
20190802T205728+0900,56.3,55.4,39
,56.3,55.5,39
20190802T205729+0900,56.3,55.7,39
,56.3,56.8,40
20190802T205730+0900,57.7,57.3,40
,57.7,57.7,41
20190802T205731+0900,59.2,58.2,41
,59.2,59,41
20190802T205732+0900,59.2,59.8,41
,59.2,60.5,42
20190802T205733+0900,60.6,60.9,42
,60.6,61.2,44
20190802T205734+0900,63.5,61.6,44
,63.5,62,43
20190802T205735+0900,62.1,62.3,43
,62.1,62.9,45
20190802T205736+0900,65,62.7,45
,65,62.5,44
20190802T205737+0900,63.5,62.5,44
,63.5,62.3,43
20190802T205738+0900,62.1,62,43
,62.1,62.2,45
20190802T205739+0900,65,62.7,45
,65,63.6,44
20190802T205740+0900,63.5,64.7,44
,63.5,65.5,46
20190802T205741+0900,66.4,66.3,46
,66.4,67.1,48
20190802T205742+0900,69.3,68.1,48
,69.3,68.8,48
20190802T205743+0900,69.3,69.5,48
,69.3,70,49
20190802T205744+0900,70.7,70.3,49
,70.7,70.7,50
20190802T205745+0900,72.2,70.9,50
,72.2,70.9,51
20190802T205746+0900,73.6,70.1,51
,73.6,68.7,49
20190802T205747+0900,70.7,67.8,49
,70.7,66.9,48
20190802T205748+0900,69.3,66.4,48
,69.3,66,47
20190802T205749+0900,67.8,65.6,47
,67.8,65.1,46
20190802T205750+0900,66.4,65,46
,66.4,64.8,46
20190802T205751+0900,66.4,64.7,46
,66.4,64.6,46
20190802T205752+0900,66.4,64.4,46
,66.4,64.2,45
20190802T205753+0900,65,64,45
,65,64,46
20190802T205754+0900,66.4,64.5,46
,66.4,65.7,46
20190802T205755+0900,66.4,66.3,46
,66.4,66.3,47
20190802T205756+0900,67.8,66.8,47
,67.8,67.5,48
20190802T205757+0900,69.3,68.4,48
,69.3,69.5,49
20190802T205758+0900,70.7,70.3,49
,70.7,71.2,50
20190802T205759+0900,72.2,72.2,50
,72.2,73,51
20190802T205800+0900,73.6,73.8,51
,73.6,74.2,52
20190802T205801+0900,75.1,74.4,52
,75.1,74.4,53
20190802T205802+0900,76.5,74,53
,76.5,73.9,52
20190802T205803+0900,75.1,74.1,52
,75.1,74.3,52
20190802T205804+0900,75.1,74.2,52
,75.1,74.4,53
20190802T205805+0900,76.5,74.4,53
,76.5,74.9,53
20190802T205806+0900,76.5,75.5,53
,76.5,75.7,53
20190802T205807+0900,76.5,76.1,53
,76.5,76.7,54
20190802T205808+0900,78,77.1,54
,78,77.5,55
20190802T205809+0900,79.4,77.9,55
,79.4,78.4,55
20190802T205810+0900,79.4,78.9,55
,79.4,79.3,56
20190802T205811+0900,80.8,79.8,56
,80.8,80.1,57
20190802T205812+0900,82.3,80.6,57
,82.3,80.9,56
20190802T205813+0900,80.8,80.7,56
,80.8,80.1,57
20190802T205814+0900,82.3,79.3,57
,82.3,79.1,56
20190802T205815+0900,80.8,78.4,56
,80.8,77.6,55
20190802T205816+0900,79.4,77.3,55
,79.4,76.7,54
20190802T205817+0900,78,75.8,54
,78,75.4,54
20190802T205818+0900,78,74.7,54
,78,73.7,52
20190802T205819+0900,75.1,73.7,52
,75.1,73.5,53
20190802T205820+0900,76.5,73.6,53
,76.5,73.4,51
20190802T205821+0900,73.6,73.3,51
,73.6,72.8,51
20190802T205822+0900,73.6,72,51
,73.6,71.5,51
20190802T205823+0900,73.6,71.2,51
,73.6,70.9,50
20190802T205824+0900,72.2,70.6,50
,72.2,69.4,49
20190802T205825+0900,70.7,67.7,49
,70.7,65.9,47
20190802T205826+0900,67.8,64.2,47
,67.8,63.1,45
20190802T205827+0900,65,62.5,45
,65,62.6,44
20190802T205828+0900,63.5,63,44
,63.5,63.5,45
20190802T205829+0900,65,64,45
,65,64.3,45
20190802T205830+0900,65,64.6,45
,65,65.1,46
20190802T205831+0900,66.4,65.6,46
,66.4,66,47
20190802T205832+0900,67.8,66.4,47
,67.8,66.7,47
20190802T205833+0900,67.8,67.2,47
,67.8,67.7,47
20190802T205834+0900,67.8,68,47
,67.8,67.7,48
20190802T205835+0900,69.3,67.1,48
,69.3,66.7,47
20190802T205836+0900,67.8,66.3,47
,67.8,66.3,47
20190802T205837+0900,67.8,64.5,47
,67.8,64,45
20190802T205838+0900,65,63.8,45
,65,63.3,45
20190802T205839+0900,65,61.7,45
,65,59.6,42
20190802T205840+0900,60.6,58.6,42
,60.6,57.6,42
20190802T205841+0900,60.6,56.9,42
,60.6,56.1,39
20190802T205842+0900,56.3,56,39
,56.3,56.4,40
20190802T205843+0900,57.7,56.7,40
,57.7,53.5,39
20190802T205844+0900,56.3,50.9,39
,56.3,49.5,35
20190802T205845+0900,50.5,45.7,35
,50.5,41.9,31
20190802T205846+0900,44.7,39,31
,44.7,34.4,26
20190802T205847+0900,37.5,32.9,26
,37.5,32,23
20190802T205848+0900,33.2,31.9,23
,33.2,33.1,23
20190802T205849+0900,33.2,34.7,23
,33.2,36.7,25
20190802T205850+0900,36.1,39,25
,36.1,41.1,29
20190802T205851+0900,41.8,43.1,29
,41.8,45.1,31
20190802T205852+0900,44.7,46.8,31
,44.7,48.7,34
20190802T205853+0900,49.1,50,34
,49.1,50.9,36
20190802T205854+0900,52,51.8,36
,52,53.3,37
20190802T205855+0900,53.4,54.6,37
,53.4,55.5,39
20190802T205856+0900,56.3,56.3,39
,56.3,56.8,40
20190802T205857+0900,57.7,57,40
,57.7,57.7,41
20190802T205858+0900,59.2,58.8,41
,59.2,59.6,41
20190802T205859+0900,59.2,60.2,41
,59.2,60.4,44
20190802T205900+0900,63.5,59.9,44
,63.5,59.8,42
20190802T205901+0900,60.6,60.5,42
,60.6,61.5,43
20190802T205902+0900,62.1,62.5,43
,62.1,63.6,44
20190802T205903+0900,63.5,64.5,44
,63.5,65.3,46
20190802T205904+0900,66.4,66.1,46
,66.4,65.9,47
20190802T205905+0900,67.8,65.7,47
,67.8,65.9,47
20190802T205906+0900,67.8,66.2,47
,67.8,66.3,46
20190802T205907+0900,66.4,66.2,46
,66.4,65.9,47
20190802T205908+0900,67.8,65.8,47
,67.8,65.7,47
20190802T205909+0900,67.8,65.8,47
,67.8,65.6,46
20190802T205910+0900,66.4,65,46
,66.4,64.4,46
20190802T205911+0900,66.4,63.9,46
,66.4,63.6,45
20190802T205912+0900,65,63.5,45
,65,63.4,44
20190802T205913+0900,63.5,63.2,44
,63.5,63.1,45
20190802T205914+0900,65,63.1,45
,65,63,44
20190802T205915+0900,63.5,62.9,44
,63.5,62.8,44
20190802T205916+0900,63.5,62.9,44
,63.5,63,45
20190802T205917+0900,65,63.3,45
,65,63.5,45
20190802T205918+0900,65,63,45
,65,61.6,44
20190802T205919+0900,63.5,61.1,44
,63.5,60.7,42
20190802T205920+0900,60.6,60.6,42
,60.6,60.8,43
20190802T205921+0900,62.1,60.8,43
,62.1,60.7,43
20190802T205922+0900,62.1,60.6,43
,62.1,61,43
20190802T205923+0900,62.1,61.8,43
,62.1,62.5,44
20190802T205924+0900,63.5,63.6,44
,63.5,64.7,45
20190802T205925+0900,65,65.8,45
,65,67.1,47
20190802T205926+0900,67.8,68.2,47
,67.8,68.7,49
20190802T205927+0900,70.7,68.9,49
,70.7,69.2,48
20190802T205928+0900,69.3,69.3,48
,69.3,69.4,49
20190802T205929+0900,70.7,69.8,49
,70.7,69.9,49
20190802T205930+0900,70.7,69.9,49
,70.7,69.9,50
20190802T205931+0900,72.2,70.1,50
,72.2,70.1,49
20190802T205932+0900,70.7,68.5,49
,70.7,67.5,48
20190802T205933+0900,69.3,65.3,48
,69.3,63.2,45
20190802T205934+0900,65,61.3,45
,65,59.4,43
20190802T205935+0900,62.1,58,43
,62.1,57.2,40
20190802T205936+0900,57.7,56.2,40
,57.7,55.2,40
20190802T205937+0900,57.7,54.8,40
,57.7,54,38
20190802T205938+0900,54.8,53.1,38
,54.8,51.2,37
20190802T205939+0900,53.4,49.9,37
,53.4,49.1,35
20190802T205940+0900,50.5,48.4,35
,50.5,48.6,34
20190802T205941+0900,49.1,49.2,34
,49.1,48.8,35
20190802T205942+0900,50.5,49.2,35
,50.5,49.8,35
20190802T205943+0900,50.5,49.6,35
,50.5,50.4,35
20190802T205944+0900,50.5,51,35
,50.5,51.4,36
20190802T205945+0900,52,52,36
,52,52.8,37
20190802T205946+0900,53.4,53.3,37
,53.4,53.2,38
20190802T205947+0900,54.8,53.2,38
,54.8,52.8,37
20190802T205948+0900,53.4,52.4,37
,53.4,51.7,37
20190802T205949+0900,53.4,51.6,37
,53.4,51.2,36
20190802T205950+0900,52,51.2,36
,52,51.3,36
